Positions covered by insurance fund,,,,,,
authority,obligation_vault_authority,farm_name,lp_tokens,vault_pda,,TX ID
EsJRDogur3DAu91SxcEdwLgYheyKF3mqi3vh92mdx74o,4NDBVwmjPe8cVoMYgRiwUikmyZ7KcUzBSWHQa7wryGni,SOL-USDC,98.07,AP3vn3Uenkw4v8fwDwkffcpQQAsidqSugz2MKYKfrAPp,"$2,192.00",4VkHbUAxSmanwkzzEY9YtBg3Fmfd9jBQPdgNqCZ2ZgftvEcWAs5LJTcpUjN4HdWNuyxwZnT8zwwKKVpnXT63AQjf
EsJRDogur3DAu91SxcEdwLgYheyKF3mqi3vh92mdx74o,3oyMGEQb1obbTVw1YwoRWhziSpFxo4bArvTtxMwZpM7V,SOL-USDC,46.95,AP3vn3Uenkw4v8fwDwkffcpQQAsidqSugz2MKYKfrAPp,"$1,338.00",4LUw2n3EE45AhGDkGJdQPGLNjFgrs8vY7gF33EGeGA7j8QaqsgVDxYT6rtkPe6e6hbHRRbB97YoPSUte7Sv3ByK4
ETbAzWMYd9D4i2SFzdN2EC7ybkSnJ9ZKqFGk6ZHZaRvm,CEcF8oVRuPWmprtzUgNP7Bx7aFnEKi4cXbcNoQPsNyDD,SOL-USDC,2223.39,AP3vn3Uenkw4v8fwDwkffcpQQAsidqSugz2MKYKfrAPp,"$42,000.00",3oax4Rv8Yzt2btZ7a4pq8z8xjNwbCAuP9xnUQotMFU4sG9UkoM6PTPTCghscdz1LFzmHEbVPuzbwSb3Vdx8C6iMV
6zDjuXfyMPzDJTzNQUJk3W4Aqs9vy5yDpZQmXsA1hpkx,3jtNNWr9h5QpTsyXG9H1tfaLpASVk6zFySuK15F3gBdG,SOL-USDC,40.71,AP3vn3Uenkw4v8fwDwkffcpQQAsidqSugz2MKYKfrAPp,$386.00,4evGgBekEGbdJ9KK7QC6hqTMLHoNWL5ADGcqS1q8dbukXqaK9CYTq63MkBVGomeUFL88hgfDD5ZYzJeB6nXJe5md
6zDjuXfyMPzDJTzNQUJk3W4Aqs9vy5yDpZQmXsA1hpkx,Fx5YNtz6zELQsv9r6hBH1NhLbQpdxjatYBGKpuvxr5d7,SOL-USDC,12.19,AP3vn3Uenkw4v8fwDwkffcpQQAsidqSugz2MKYKfrAPp,$297.00,4Lap7U8MWbUDS8BdGQvYCQAmVa3HScxTu969oVWRAnyKP6SuaE4cM9SfGd2K97a2RdeutrNSdYpcCPnsduvHcJmE
F5KPTHx8bh2CuodRqJgYQzj2aFkovEa38KJm93uxvRMM,8t3TodiXEQnjxMZL6GBmomRKmWX2CMJVNohsE9bXxp8A,SOL-USDC,17.01,AP3vn3Uenkw4v8fwDwkffcpQQAsidqSugz2MKYKfrAPp,$160.00,5tQ84v6QjnrSHWY2Vx876RwS7BwCMs9b2einEGj5EVCjf7yC1yTB4daWHWqdzmHsQtNgGpNuAmT4FqLFtfMP5YrD
ABkUrxFFsidNkyHyH4AJdMgrEpULpLMEFKRDwBkLxPYK,EQMsRA3LjLL6EmTresGy7oSqqgNX9Vr6T9qsAoVjfBAu,SOL-USDC,54.6213,AP3vn3Uenkw4v8fwDwkffcpQQAsidqSugz2MKYKfrAPp,"$1,300.00",2EGKfXps8shbyxB2hsqP7gsWcEakMSXuSaj6DHJtAFRkW1f4cVRMkkYoy2NHjQP2JRqEvvzCUm9knERyuE7Z8s9U
ES96JeZfch6hzyPVyfGbTPafNV2AkfPn2SQ8bFhqRqT1,3DNYvCbAJQ47Zdaxh6tgKbFUDeN3d2tRCMXbBSw1hsVJ,SOL-USDC,30.08,AP3vn3Uenkw4v8fwDwkffcpQQAsidqSugz2MKYKfrAPp,$864.00,2gookeD93CWC55PLb68PTZ9p7D8ptCmdno5HoovYPc34rA65yibuzQviTcCYocsE2TzZzxa39Y9wP72sGRfuY69s
8V8uTbESQycno9RB2RgQKmTkdJmuzN1NubigydY2UBsB,FxmS6o1ySowYAW2aX3XhWFGJc7PuXETUcJ1h7gmN4G44,SOL-USDC,11.71,AP3vn3Uenkw4v8fwDwkffcpQQAsidqSugz2MKYKfrAPp,$321.35,3kpmUcMTFHv2JaJQnDeHAZFNicUDdey3DymxuRwfYgyg6ouZRNJt8iKUUVMci5dPwk9yc2tNMaF5o1Y6HLDUAMgG
8V8uTbESQycno9RB2RgQKmTkdJmuzN1NubigydY2UBsB,Qw4nEcCp38JmRuTmd4CPT4xwuUdQu4wUy5Ao9xAVPsk,SOL-USDC,11.53,AP3vn3Uenkw4v8fwDwkffcpQQAsidqSugz2MKYKfrAPp,$316.00,4RYWdc6FCv8Q7hjBhmEbsgsQKkxf6AXtVqkkaGY9vF1kdKXVpQ33e8hSAaDtmCLR6ZRDrhTnUT3Bt5MtcH1UKC3A
99KwqBmWVvifu2zAbtrfbdLF2Cbzi3Uiy7XkauK9mxjc,GwPybJfwLPzieDceg8hQeLvfPoMDxxKEVKgorvFKQg1K,RAY-USDT,9624.53,9jUJCfHEAxo1hU44g1QKfNfYBD5ctmwtdPFM7xLQKdPG,"$2,694.00",2pkRK7NMZjKm9vNy8uCGJ5fFJycFD4RTsdvkoAPnAKdmjLyiLNiApMgkF1vKZZG8FmBFCzD5geLoST6Agyq7p61Y
99KwqBmWVvifu2zAbtrfbdLF2Cbzi3Uiy7XkauK9mxjc,GVf9vHTCj357rgzyv8EYgzuuoqTXTDqi2ziTRvaNJrhU,RAY-USDT,7883.42,9jUJCfHEAxo1hU44g1QKfNfYBD5ctmwtdPFM7xLQKdPG,"$2,205.00",3N2e53pvGPqnFa2rhJkZpUBEkrc7gUVWenwPMsLdWsM44BaJqzAUGn7woYdg9KvKTewESvytnJnMwURo1RRrjqCf
,,,,,,
,,,,,,
,,,,Raydium Treasury Payment to Tulip,"$54,073.35",2PWkTS53bNvfafRXa2tjz9edkFGQwJeNi1n9vJcLfwmFmjwpYEFpA3coNxnD1cZbu79JDxYYy1fXfnVuNT29aWfB
