Owner,obligation_vault_authority,farm_name,lp_tokens,vault_pda
GSG48EVjwhsFqYUYTUzvu9gEan5yBFo3qGJgPsYgLbGL,EM9eyQnPD87YrSbKarXzt41sE6UXZMzfGqdcnMQNUdtX,RAY-SOL,539.65,3WQLfwxviExezVMp31GLXLEwAE5CiqQU4PrSe7ZBYr3g
FPwvipootAWKpHxrHJmamhQ3ZDuKDHV8JvLFDPGyoK4C,CCxzNdQ5hRido8yFRLu55CLFtWrnksmazf9DA3ZsvUgL,RAY-SOL,209.23,3WQLfwxviExezVMp31GLXLEwAE5CiqQU4PrSe7ZBYr3g
88nWbteWyM3D6FNb8QgZ9eX3r2KsWsxYYrbq4C5qAnUi,BzZajGvtXET11JYEnAxK4eZeP6yy9doFNg5nrPdPPvm8,RAY-SOL,159.3,3WQLfwxviExezVMp31GLXLEwAE5CiqQU4PrSe7ZBYr3g
3ft8wcaR4RAZAvwJVbq6zJtiqy3ETDB7PD4Ycm5Gz4Jw,GsifUbdGjr3pwTEsSwVp4ohhGhNbNzzAMbBkznboN639,RAY-SOL,100.14,3WQLfwxviExezVMp31GLXLEwAE5CiqQU4PrSe7ZBYr3g
93zEjgegBURF6m5FZmqrqsHXojtPx71K82kCofjueFLd,J5GS3ZhAh3K2gavdr7ATnGEZKDkru7RxFTvAi7Kfk8YM,RAY-SOL,85.96,3WQLfwxviExezVMp31GLXLEwAE5CiqQU4PrSe7ZBYr3g
J4n4fjcNdzKz8UXVEKeseuTVoUAeuMTyFcrsrFzAdS4Y,CzDbTLLRgpieGKxVXv3vSct1YpXjbA67tjZnigSiULnm,RAY-SOL,59.2,3WQLfwxviExezVMp31GLXLEwAE5CiqQU4PrSe7ZBYr3g
HKBT9DhqLsdq68dvdRetTR83KUXd6sYg7NSrPsoGgTzp,EvBRQQadwJgvaYTpYnAJKg4uZsH3QKuAKtnCphYyagYP,RAY-SOL,56.24,3WQLfwxviExezVMp31GLXLEwAE5CiqQU4PrSe7ZBYr3g
Ak4uYfqmCgaaHr2mUuR4vJ2icgREFcTX3pbMR1DYFWoB,7cbqYEze1hZby2yb6J4ij7JfcJEDXP6c6ewkAnJ2LNyT,RAY-SOL,52.24,3WQLfwxviExezVMp31GLXLEwAE5CiqQU4PrSe7ZBYr3g
2oyku7q9H7RL8L1JNbASB1vUzwvpxLxg7Bm6R7oMh78s,4BeCZPCco442ZeuooPY9qb1kg2o97mmfu5mNjtWuR3vq,RAY-SOL,43.6,3WQLfwxviExezVMp31GLXLEwAE5CiqQU4PrSe7ZBYr3g
DrkYsVgnKqkQsQC2G5Dk8L2BvzShMJFC29D1TSo9WRxY,668YS91RG1QezApPsxCap12VxCVTXxydMk9fucjBzk14,RAY-SOL,11.69,3WQLfwxviExezVMp31GLXLEwAE5CiqQU4PrSe7ZBYr3g
4t6KYY7YAmh34n5PvvsU5G4A1ctrJGvW7Q2NcFRni4FS,6aUu4fd5a3LbhJX3Rn688rjQCneEKiE5CSY8jRmEp3Wx,RAY-USDC,1430.19,38dsJ6n4y6ffCDSZXhYYiMXQCgfzqHK5XSytL2fApeGc
4TiMCLPtnsr4T2GcEeyaqq7sSSCfPYskqtj8uM1zZWk1,2eyRgJDRD3Cmjp6DuaU9jYjuMk1qbsULjcrRuxCnGzRi,RAY-USDC,42.69,38dsJ6n4y6ffCDSZXhYYiMXQCgfzqHK5XSytL2fApeGc
DHnPJ2vKVhg598ptpTTZuWqn2Rdn96pBvfGCed58UbVG,DjX3jFDAsXTRbe7Jppx8WzNBCssTmvGGoNAFJ2QzNGf8,RAY-USDC,3.54,38dsJ6n4y6ffCDSZXhYYiMXQCgfzqHK5XSytL2fApeGc
BVVtBeEAeMTrQKMmM5eWJr4xrZALyP5DDU6U6sBfQ1tW,EifxfYXnUi6fhzLHVGKWt31nn9QE8Jx9VSdZRAXJ9sZN,RAY-USDT,332.74,9jUJCfHEAxo1hU44g1QKfNfYBD5ctmwtdPFM7xLQKdPG
EUr3gyG1F3ea1AACHxNckthFNKQRNdwBBn3t1uVDt1ah,ATh8iMSGJgP5CKR1PMzP1uHxCYPAL5sSaDkz7CQHiHcK,RAY-USDT,29.23,9jUJCfHEAxo1hU44g1QKfNfYBD5ctmwtdPFM7xLQKdPG
Gbt88nrNH9Ujr8qWntWzxjb9JNpEGdz3pSgJqH9gxYbW,879TBs11KvXoWiuxVjBk3f1QRGvTAWvudRaCR6f3eEEn,SOL-USDC,2628.37,AP3vn3Uenkw4v8fwDwkffcpQQAsidqSugz2MKYKfrAPp
EJZMCAx22ZVVkxQpYmkGCCCvEERnkaBpCC6YCYijKN7p,6VjPQMrEKzeu27njaEmU1ZJh9FjeQn6KcpPCsRW1b1LD,SOL-USDC,931.56,AP3vn3Uenkw4v8fwDwkffcpQQAsidqSugz2MKYKfrAPp
H9BHPb3w9nd1xoqm9z7sDcRM6XfR4fVkSuD3Bft8qsHE,DHFfbxrLvBGnT2tRzNqEmif81icjgEA5ALmF2aiAu1u1,SOL-USDC,539.03,AP3vn3Uenkw4v8fwDwkffcpQQAsidqSugz2MKYKfrAPp
Fq6KrSwfW8veRvk3NnmomDFzDaku2JLPJT47uCFi51YU,A7518qEjeZpsZHGYBYHC9hWsdpkgvCHwxHptqKpVz12b,SOL-USDC,135.15,AP3vn3Uenkw4v8fwDwkffcpQQAsidqSugz2MKYKfrAPp
DjFykgN7rTrumALiq9nxXjYUNYb3Ciunn39m3avDtEDP,2ismQmuQYASGxwWRP71CRwZDr8nkTi6oz7XVwM7YVHXp,SOL-USDC,96.9,AP3vn3Uenkw4v8fwDwkffcpQQAsidqSugz2MKYKfrAPp
C1N6cgXkbNtUYuZ7F1tBCnHLap7uehwxKZMQi8RvKXK3,7hNcxQ6TtFC5SktCJeEVTBfw428apKscDFLPGM8qDGpK,SOL-USDC,95.46,AP3vn3Uenkw4v8fwDwkffcpQQAsidqSugz2MKYKfrAPp
2Mkjwg2FSKzUfqx2FUka2GJaXpCRaRie4phznwgfY2xf,C7UahT4MAHUY4sVhoYV65DSPCp6aQTz8GLxmrTXQ8dLs,SOL-USDC,81.36,AP3vn3Uenkw4v8fwDwkffcpQQAsidqSugz2MKYKfrAPp
629S7EDcmGRCZyc1ksKhVRKZt6qpuFMDTUSpcZbk6dfF,DbqEd2biNtwfyJTLsVjprSnL5txSAEvVwtQxMay2yxbM,SOL-USDC,70.12,AP3vn3Uenkw4v8fwDwkffcpQQAsidqSugz2MKYKfrAPp
BdeqKoyRFkokuYtqTFvLydTBUByvitttaxQiCL1y43VP,8ZJRWvTEvrU6QpEtzAzY4wxcuH1ErYANbrgCP7pacWHR,SOL-USDC,68.93,AP3vn3Uenkw4v8fwDwkffcpQQAsidqSugz2MKYKfrAPp
CxrTwzWEUE6uSuUBE8hGnH88VjMN1aJKQL3YqyEaSCmD,23uEEoJ6pJh3QinaKGANqZHeZhQMTKTk3S2DJd3Z4Bzi,SOL-USDC,50.07,AP3vn3Uenkw4v8fwDwkffcpQQAsidqSugz2MKYKfrAPp
X7iXGSU2STr4pmnuQj6xyLs58KuogrmDmQHA5Wa6YeA,C8U3EyX7GAPYUA4ac2EhgF2z3gf4Q4QqQ2XUKAsY2mdX,SOL-USDC,46.63,AP3vn3Uenkw4v8fwDwkffcpQQAsidqSugz2MKYKfrAPp
7HdeX9nK2dYi3pP1mBBZmdtXis5ZBq9qZrwNNJRSMqqs,54RnekUFWt9oge48pmkwDxurYM6BNJ6fHwwkroimR4BC,SOL-USDC,45.84,AP3vn3Uenkw4v8fwDwkffcpQQAsidqSugz2MKYKfrAPp
pYm34yPEwcXJjbHntEAM79pv9exp6vzf55nYwcsZCGt,6SHZPsxKWNEuQW3kTSmgBHVaaEKheMw5Q1z324F1bD4,SOL-USDC,43.67,AP3vn3Uenkw4v8fwDwkffcpQQAsidqSugz2MKYKfrAPp
2eu75vqyJWHTEqH7U4SAGi7HXWF4rbBbd2V7oGgEHn8P,4CoPqy1Vim7KfL3C9Zh6Gj9hRHteT5PEt2mTfuqYpnCq,SOL-USDC,42.57,AP3vn3Uenkw4v8fwDwkffcpQQAsidqSugz2MKYKfrAPp
C1GEV4dVcXxvMsDeJNruHQWqpbkmBSYS1e7B9EykZPpQ,AZhgGqfXYw9nkEV3zAfq4VEPVVYDmSNSnrMPi2ghh3Cc,SOL-USDC,33.41,AP3vn3Uenkw4v8fwDwkffcpQQAsidqSugz2MKYKfrAPp
H9BHPb3w9nd1xoqm9z7sDcRM6XfR4fVkSuD3Bft8qsHE,DHFfbxrLvBGnT2tRzNqEmif81icjgEA5ALmF2aiAu1u1,SOL-USDC,32.17,AP3vn3Uenkw4v8fwDwkffcpQQAsidqSugz2MKYKfrAPp
6JD48USUyM3RXVxU4PjfFkcTbzVeZVWCpjk43kU6BLj6,HrdHfbx7XAkaP2UhfZXf1YMR2KCcTDCSZyK5JyDV4tw9,SOL-USDC,28.69,AP3vn3Uenkw4v8fwDwkffcpQQAsidqSugz2MKYKfrAPp
Cad3FDP4mJ2ak7bBzZGL4s2YJw5egthZ4KtrZTmUtVD9,FqEqQ1wzeuu3iNv4vAmSMC2Sz3tFFGFw4eYnJxvxgV7x,SOL-USDC,28.47,AP3vn3Uenkw4v8fwDwkffcpQQAsidqSugz2MKYKfrAPp
FAt9wJs7Cg1Uws4Dvyr4LWz2YoMsHrbfCfh9KHTH6vm8,5QU7r9URfGfkoguxN8bajntr4AYVZGwtfKYFK3BpEKni,SOL-USDC,26.28,AP3vn3Uenkw4v8fwDwkffcpQQAsidqSugz2MKYKfrAPp
AfCwBaCk1Gsh2MKZoXzm44VLZAGDVikPwPS6YXuHen2g,9fsJix1HHRcsLq8ihYn67TdFHwQkp7q8n6obRbR8W52g,SOL-USDC,22.3,AP3vn3Uenkw4v8fwDwkffcpQQAsidqSugz2MKYKfrAPp
4ws1VaJ3TNQz3sCya1DhUijRhcQ35WsPhFQX54ph96C2,EMnjfbru6KW7wjEHDN6CXaZjYL9L1LLE8QyUVR23xrc7,SOL-USDC,20.53,AP3vn3Uenkw4v8fwDwkffcpQQAsidqSugz2MKYKfrAPp
3RpBhTcZPpb1SRMWMY6tLbWSxhXpcjLQW74pDPmfTr38,292LvJ7TUjdiHLgVYi4eH3ZsumMhWaLU3W3XLFizTdfz,SOL-USDC,20.44,AP3vn3Uenkw4v8fwDwkffcpQQAsidqSugz2MKYKfrAPp
ERzbvzoAkKUk3quScNoc7BWH58MWvYzEtMmGHTwUdq5B,GWT2oh2LGqvMVygbEN39S6o4wAEisqVZUvg25debAhHU,SOL-USDC,19.7,AP3vn3Uenkw4v8fwDwkffcpQQAsidqSugz2MKYKfrAPp
9k3dBc3DTF2jQ1QPCgmdWsGvHHY3pKywu9pk7HeNSjz1,BVQLAF15TjHjkrqfcckXti6Bf9U8KXYaNYhSyQrt2ZxK,SOL-USDC,17.8,AP3vn3Uenkw4v8fwDwkffcpQQAsidqSugz2MKYKfrAPp
6iHF5hEcbw3e1SYm8bMheGKLqyzFGB4F4fu9uCVCSy4E,6gdpNQHh6KAeVbbj1cpaFMVdvphDePwqLu9dEpD2oDCz,SOL-USDC,17.62,AP3vn3Uenkw4v8fwDwkffcpQQAsidqSugz2MKYKfrAPp
HYoxydo8vDJNApCW6mwSVnCE3joGL6Mev9EYqr37aTRX,3saHRHh2DZto6N4qMTMyfq8aTdMY6eSR4gxhtBuCNZXo,SOL-USDC,16.1,AP3vn3Uenkw4v8fwDwkffcpQQAsidqSugz2MKYKfrAPp
HubybQHLu4xQNgCybPM8i5ubvqTCEoLqigfMcqKWGR5b,CeWJTJG1gbPhZznBwvFYQPswtTi6ZfmuvS8y2gSTsLmH,SOL-USDC,15.42,AP3vn3Uenkw4v8fwDwkffcpQQAsidqSugz2MKYKfrAPp
3j9VD2RN38P7ET2dX1C7McfPZ7e8mhtdyrU7KWsR4VZB,8sE8UWMwcutPhyKHGaLJBftrb3EJTHuX3yzPRQR6ugWY,SOL-USDC,15.3,AP3vn3Uenkw4v8fwDwkffcpQQAsidqSugz2MKYKfrAPp
AYqGkSqVbCouydurRMZsM9EtovUYsFVGLGnPYxN8wP8b,4wqnixpvs1BsYifwyvREVUxwgQiYz5oz3SJ5agecVA6R,SOL-USDC,14.37,AP3vn3Uenkw4v8fwDwkffcpQQAsidqSugz2MKYKfrAPp
2sjUcDRsj65Y4XDdYCSjgp1R8qZnqrnn41y1PoT1dLPH,HPoSaFyRMvUTcFJ2Qsme3JLVbumAd2eKKvsbEowmbQZH,SOL-USDC,13.75,AP3vn3Uenkw4v8fwDwkffcpQQAsidqSugz2MKYKfrAPp
7ZFTVkeC8ctmQpZMrWPAQsfJz3woEh81dnoHdrfQEBsW,5J5hSqZJAre8H6dwjbCNzzhvVEwdX997tB6UKAhiBpKE,SOL-USDC,13.4,AP3vn3Uenkw4v8fwDwkffcpQQAsidqSugz2MKYKfrAPp
D4agGsru96hvutmnhwuEBo7WFfw7abwLVX4gyziXWSMn,BSisrtuxBVvf4TXUAwFKrhAAjjh3p8FEUE4JDxu2cmsG,SOL-USDC,9.54,AP3vn3Uenkw4v8fwDwkffcpQQAsidqSugz2MKYKfrAPp
8t98tXSwJNdVijwoMTrFiZTVcHgrePkrjz1CeV6mXRhG,3oyx2PrFS95VpVrimfMa5kVzA6meB4f2HiZM1fpbJQec,SOL-USDC,9.44,AP3vn3Uenkw4v8fwDwkffcpQQAsidqSugz2MKYKfrAPp
A68L6nrTgubStYonu7MXVjpZnvxHw8ZmS9QWSaZod4hq,4RyY2ngNJxJ9sp8kHmiDKBfGJixrmHetSygASvDSLcz9,SOL-USDC,9.18,AP3vn3Uenkw4v8fwDwkffcpQQAsidqSugz2MKYKfrAPp
AxTKvBsTfbhh95kAF7nHnE6SU1R9ngLscVr57y7PwtA2,4kjjvwzCm2zfZucNpuHurKvYXuF74n2GmSQvLkU7Si6D,SOL-USDC,9,AP3vn3Uenkw4v8fwDwkffcpQQAsidqSugz2MKYKfrAPp
9iSD3wkC1aq3FcwgjJfEua9FkkZJWv7Cuxs6sKjc3VnR,A5cSF6LwKwmZvbP9dW5MWChfqnWEWQbGk2Ywt55iwwfw,SOL-USDC,7.68,AP3vn3Uenkw4v8fwDwkffcpQQAsidqSugz2MKYKfrAPp
9jvmuV6rnbEeCjrJSXU67aMCTSFJ9MquiGLXjgTDmUQS,A5cSF6LwKwmZvbP9dW5MWChfqnWEWQbGk2Ywt55iwwfw,SOL-USDC,7.36,AP3vn3Uenkw4v8fwDwkffcpQQAsidqSugz2MKYKfrAPp
DYZRLw45daYoHdDzagR8T8bHEi1BYhxhnA8yewrHYg6o,DxtJ8Pf5NBkoZR9mH2XkeaEQS55wgh7f15GpFXZyNdpR,SOL-USDC,6.72,AP3vn3Uenkw4v8fwDwkffcpQQAsidqSugz2MKYKfrAPp
8RF3w9Un9fHGP6UoK2gicAJoSVEkPJwvsBwU4T4D3sGq,EKRc29WdCczteGLuP74vgsxG5yG2ex7RAV4LLFHpcX8y,SOL-USDC,6.01,AP3vn3Uenkw4v8fwDwkffcpQQAsidqSugz2MKYKfrAPp
3sHN2377n4qWrsj1L7QccmrgmuvNgDhcpMrh5rbDXkcs,DRwA7ojMEJGJzp2zRLLUABrSPRu39K47b9VuQ1gyAB3a,SOL-USDC,5.63,AP3vn3Uenkw4v8fwDwkffcpQQAsidqSugz2MKYKfrAPp
9iSD3wkC1aq3FcwgjJfEua9FkkZJWv7Cuxs6sKjc3VnR,Apu5EPmZMtNybeurwBWmG2LcchBxCeXb4AJSXH2H65Vs,SOL-USDC,4.58,AP3vn3Uenkw4v8fwDwkffcpQQAsidqSugz2MKYKfrAPp
5Wf8YV2UoXSJjWXa7K5XYKFc6ZxuHt1DGDfe9wo2qJoX,Gw7zzBcmj2cVLvwLSGwW2oAourLimmvGsdRdiqEgJBC2,SOL-USDC,4.04,AP3vn3Uenkw4v8fwDwkffcpQQAsidqSugz2MKYKfrAPp
3b8nkBihxKXUmMmYbVdEwDhnTBGJBoucackoYx9WPrWU,GVYVCq6GZqTLQuEW1oQPLLjoBUJXBUDx7YDZyAayvrhY,SOL-USDC,3.65,AP3vn3Uenkw4v8fwDwkffcpQQAsidqSugz2MKYKfrAPp
G3rsmRcrrRKxpzGcu7LBkw2T8i9SgaS9jCh8RXygSYTA,4YmHwvsXQSJ1rGtuAPrgqsJYdAkyFb4muhMtDMnj1hM4,SOL-USDC,3.59,AP3vn3Uenkw4v8fwDwkffcpQQAsidqSugz2MKYKfrAPp
3puvpNHByDvnwbRSzFSAp6WjSvahaDB5jPy6rp17W4mF,2n4owdPMQVe3iDXo9pRHbgsVLf9VCjghqyD4dhmkD7yv,SOL-USDC,3.57,AP3vn3Uenkw4v8fwDwkffcpQQAsidqSugz2MKYKfrAPp
H5KoeAhHQ2SHw5XGiQZZV61YEf2ezbqw1AT8tWnAkH4J,B1mkYtrxbj4TyPQAbZC7AfrUrzep5LHYLDJe1kTzEgPD,SOL-USDC,3.32,AP3vn3Uenkw4v8fwDwkffcpQQAsidqSugz2MKYKfrAPp
FEzryRyUSJiEpPgnUnWegTKakYdMrJpmqfg2E7EMcTRB,DhgrvRyxkhq9vsTxr4oyCqSiC51a1iQF1xBDNYMHzz3R,SOL-USDC,2.93,AP3vn3Uenkw4v8fwDwkffcpQQAsidqSugz2MKYKfrAPp
4p4Y1B2VVszuU3mY7Qf17NvscAbVxg4aU7kMFbBerpw3,B2KHsAMZgfy362ys8yPRa9t6HFdvxXu2LVENSfvhA5RH,SOL-USDC,2.7,AP3vn3Uenkw4v8fwDwkffcpQQAsidqSugz2MKYKfrAPp
59LvDYTkjnmPhWbXS83mXHNumxUQj9bnpvBkRDgkz7yP,9ZXd3MFNUv28K1jzaCT22ERUu6uvS1ayVA3mqjBmLK1g,SOL-USDC,2.64,AP3vn3Uenkw4v8fwDwkffcpQQAsidqSugz2MKYKfrAPp
FtfpzzEYmdGBSRuQREc6SyvjEhNy5tUiyRrZRYa5DDJE,CHWk5xrxpGxs69aJUdV7wktVLarAZezKrYWsdJjf2SHY,SOL-USDC,2.58,AP3vn3Uenkw4v8fwDwkffcpQQAsidqSugz2MKYKfrAPp
5g44zbsxD6MTqQjRXtfMhjHzmRxhgjwSzna5gyvrDH1w,EsjYX4FFdWtuNp3MTywsPev9NZDtXJiWzuSuNEmwMPct,SOL-USDC,2.12,AP3vn3Uenkw4v8fwDwkffcpQQAsidqSugz2MKYKfrAPp
33NXHt8DSJ7CpBi4yeWwBRf5Jh9t3SpoganXdhaMMz52,4M11y6jxYHgy4YYEeMkK2udaGEJc6b75STAYj3bY9RPk,SOL-USDC,2.11,AP3vn3Uenkw4v8fwDwkffcpQQAsidqSugz2MKYKfrAPp
9xhjwPvjnYgeFD8SafqjycR5dRYK7TEio5zEUhEFKtbS,Tu3z285JdjDZP6ezTRWeJ7G5JWu9fufGJQuHy2XBSsw,SOL-USDC,2.02,AP3vn3Uenkw4v8fwDwkffcpQQAsidqSugz2MKYKfrAPp
9wLTh89tjBes5DsEk6zwhGCWAUbz6esqoGRNhNQw2F7G,BaAM2R62FRvZPL7o5N88ii88ycEqw5owQnokUPChvhCb,SOL-USDC,1.8,AP3vn3Uenkw4v8fwDwkffcpQQAsidqSugz2MKYKfrAPp
DbcyQTRhfakRGd6UR24qXs7u1p3KRvJoNMcAeqctQDTs,EdnrGuQYJKskH1fPJPdaG6qmuwSGf81pRxK9nQ9k1e34,SOL-USDC,1.71,AP3vn3Uenkw4v8fwDwkffcpQQAsidqSugz2MKYKfrAPp
FsVSYgr9a7MuBkg7UXPX21nVa9WYtxLUme5qB7qcu6ZZ,6gGmBZowNGzUstSThRwWtRqkQ4Ppzz3a2Pq49pL6Yn3s,SOL-USDC,1.4,AP3vn3Uenkw4v8fwDwkffcpQQAsidqSugz2MKYKfrAPp
8VDKtGLmc4yUZD92Tm6Rsnf2bdUUzbmKwvYgfP4wEYhu,5X8zYEQbgG16fSER5uiuhLeHU3NLSEaapf2r2CNmTTiN,SOL-USDC,1.28,AP3vn3Uenkw4v8fwDwkffcpQQAsidqSugz2MKYKfrAPp
C7sfUoa2TvLXqVE4LrNZjBVPwoFdQA7K7oonAxTSb92V,CN2HH1KdqmomKQPmjrzKorme5aDFLaVVWWnDSvkp6pgK,SOL-USDC,1.2,AP3vn3Uenkw4v8fwDwkffcpQQAsidqSugz2MKYKfrAPp
bgYe8vurTNevnvZnUeSJeLqPoMktCjJvfxxF9A419TN,ByAkYzwPY4McYbE5DPLXmP45XLWDkzcRjTxxYzyDe8in,SOL-USDC,1.05,AP3vn3Uenkw4v8fwDwkffcpQQAsidqSugz2MKYKfrAPp
HJRxtGBhY5jmyf1vaYUJKBW85Umrcr245JCan5ULrSSo,3SoHWeoV89SZrk4GE3TrbvUc9UZQ3jd53Zrtnr9f48Yt,SOL-USDC,1.02,AP3vn3Uenkw4v8fwDwkffcpQQAsidqSugz2MKYKfrAPp
6DyZZZZ6tjHgY8DcGspUzw4WCCQgQD5jmVB4RUoFZWvu,FVEKXYazWXW5nUGSUhe6anF7MkadsmJrxronEWBGDbho,SOL-USDC,1.02,AP3vn3Uenkw4v8fwDwkffcpQQAsidqSugz2MKYKfrAPp
EicaySJkiKUKmJcduJ7K2ShtpXWKKweLyGoEjymvpNsj,2RF3okpqm8zA8sUuW6EoHWEmL42YybW3AGyQwcV7mhYZ,SOL-USDC,0.95,AP3vn3Uenkw4v8fwDwkffcpQQAsidqSugz2MKYKfrAPp
8izmuAzX35o9u9xhV1167KpQgKchVVocCWPcM21K7HJo,66kWykSskJWXBN2sTzxvs7tMkN3G8ZcrofHSvcEptoie,SOL-USDC,0.89,AP3vn3Uenkw4v8fwDwkffcpQQAsidqSugz2MKYKfrAPp
7DiENRdPeXYNvk9wAtSanEZYvMfsN24oge1kxDRLKCag,FXS8ppyMAt2a4QuPCYKeQpac8f5uHxTcNRpHTHdHNwUf,SOL-USDC,0.77,AP3vn3Uenkw4v8fwDwkffcpQQAsidqSugz2MKYKfrAPp
DnS9Pgv6qeZo6nM21iQMyyu8srtc55YkX2H5uNMCRDUz,AweHtfgmYFLkoaEkaAprCWYh5y6SmJWLgbNANbnqrZJ7,SOL-USDC,0.71,AP3vn3Uenkw4v8fwDwkffcpQQAsidqSugz2MKYKfrAPp
38fSXxmZFBWHEQog5GD1YuSGqX5xqFW9JE152bXTnqzJ,4cEHTEeVw1Qke2KMExcddSnQeuhFBpXUxg7D6AU1sCt5,SOL-USDC,0.66,AP3vn3Uenkw4v8fwDwkffcpQQAsidqSugz2MKYKfrAPp
3GGFZQ1krmhhviptR4Az1xaF62XFkAKDKDSNShQZVBeE,7mMeyAwge8SL12UyUnAE5phESqJ8HUejrMpGBvrmP1wL,SOL-USDC,0.64,AP3vn3Uenkw4v8fwDwkffcpQQAsidqSugz2MKYKfrAPp
2WeVqDFseumMGMxHDNBz3jXixXXnqqYk6Hy3gySz3Zua,5VSS77Fzjvyc1P11QnFFfrHwUSrR2tPPXmAXZbrxzEzE,SOL-USDC,0.63,AP3vn3Uenkw4v8fwDwkffcpQQAsidqSugz2MKYKfrAPp
ALcBjwFw7En1HgRkgmtAvPZH7dg4HLkzbzRXvNZmiGXs,9VDKTz2V1hErvA4ALLYqJYMWS8Kg6gz1pifGeteETu8N,SOL-USDC,0.63,AP3vn3Uenkw4v8fwDwkffcpQQAsidqSugz2MKYKfrAPp
HrfYaK1FaMeqtwwdJxpW6u8wxtwshWFCGpSPqbPVS3qx,BQJAyyikjUYWyiKD9k2pWZa3en7qi1zSagBAREjj92Uc,SOL-USDC,0.53,AP3vn3Uenkw4v8fwDwkffcpQQAsidqSugz2MKYKfrAPp
9kYozFBjGz9LwUHa4ZKvVxuwsyz5BYguBUNJAFaWWLGu,95gFCo1pnWKBAaCyDMshy7RX6kg6JoBRmUT2GRGYqGX2,SOL-USDC,0.52,AP3vn3Uenkw4v8fwDwkffcpQQAsidqSugz2MKYKfrAPp
6qDwDC2T3eSX2SbcG96ud6wVkrSKi6qrZ7NKArujsDA9,3Row6yKwYRD6FdD8WR2SQrNMPWjgfESrj3iwpGQgbAb6,SOL-USDC,0.44,AP3vn3Uenkw4v8fwDwkffcpQQAsidqSugz2MKYKfrAPp
Hq8c8ggp1ytTEkL9KDer991dEPrw3GfyUdSScS49cpmd,9TPeSNusYqpQQcQpAF9LhPgzRTvghyvWBhdUuZZ2q1mY,SOL-USDC,0.43,AP3vn3Uenkw4v8fwDwkffcpQQAsidqSugz2MKYKfrAPp
cpMYrE36fYu8yVmypHwLH1JU4YYkbnC7mGCfgwi7hbo,FD4kiK2pp956QUPzBKCLUaTKwVi2HAKyBkkdJvzqYXac,SOL-USDC,0.42,AP3vn3Uenkw4v8fwDwkffcpQQAsidqSugz2MKYKfrAPp
3bnAKgVhM1MihYpJQ6hK83BirWhVFbyhkvvCQqJ8tZ25,DXVfEgF9mX9Vpkbf2PM9FCXCGqDjPuDzZ612JH83HvWL,SOL-USDC,0.4,AP3vn3Uenkw4v8fwDwkffcpQQAsidqSugz2MKYKfrAPp
4pbyfLhaKE4GW3ZHtm7sFchGfBa1PLUtoq3AajA6iMeB,5d1sAvAEZGUjn8QpykjPuKBYpyisNZ3PpA7a5UNYktKx,SOL-USDC,0.38,AP3vn3Uenkw4v8fwDwkffcpQQAsidqSugz2MKYKfrAPp
F9mmXkjyQbBs1gHurxeANHpxmBi8A24Hw2h2gaKNmfdr,41QTL85u6FygRfrtEwUyBSQWDLJcdsonizjFhh632LmT,SOL-USDC,0.36,AP3vn3Uenkw4v8fwDwkffcpQQAsidqSugz2MKYKfrAPp
HrfYaK1FaMeqtwwdJxpW6u8wxtwshWFCGpSPqbPVS3qx,BQJAyyikjUYWyiKD9k2pWZa3en7qi1zSagBAREjj92Uc,SOL-USDC,0.35,AP3vn3Uenkw4v8fwDwkffcpQQAsidqSugz2MKYKfrAPp
B22o9atJbmK3DPZPnXpZRwS1SjZ5LAAAHT4WaFCA9ZU9,DvURvwsbiyku1Se52q243aLYWvf84GFGsANgX3X6Cp7S,SOL-USDC,0.35,AP3vn3Uenkw4v8fwDwkffcpQQAsidqSugz2MKYKfrAPp
BQnrLNgQDAT1eJbU7FJUgb8K3QD5RmuwiuVp99e4bDcY,FeL2vJGzfiGUfvpjtdeJgzHquuUgFCZZjZTEYvghrdH2,SOL-USDC,0.34,AP3vn3Uenkw4v8fwDwkffcpQQAsidqSugz2MKYKfrAPp
F66h5aDcC59XF92JqA6qSgqU5BoCbtjAWq8Y25n7PnF,8kkhrv9MPjdGkTaPTkip9oGPXhbKDAso4Xbu4eKdFrMG,SOL-USDC,0.32,AP3vn3Uenkw4v8fwDwkffcpQQAsidqSugz2MKYKfrAPp
7DzoY3VfASv8Wi9R8n1DM2SB2ej74RVJwMCgEK4Bcckt,6QkCRdBXhmUF2RXNHaHNkPHCfUHHhXeiyfAeaqJtmgLA,SOL-USDC,0.32,AP3vn3Uenkw4v8fwDwkffcpQQAsidqSugz2MKYKfrAPp
FHEm88W3FHQh7zwfQFGbXkeKy73WqjrHcZ8bYNPFPcL2,5nwKahZpi3NsKtyufk22cb6Q6uTziW1eg9WvvUodp7LC,SOL-USDC,0.32,AP3vn3Uenkw4v8fwDwkffcpQQAsidqSugz2MKYKfrAPp
3hpZq5rtYr144VbtMRuNhH1HGRepQee6zCvD6zecdNeG,EZK5afAQx3WLgmLxnrzKTAQ9EDUYdDK2kC1sQ9r8EUHx,SOL-USDC,0.29,AP3vn3Uenkw4v8fwDwkffcpQQAsidqSugz2MKYKfrAPp
5WdE9xYvTZmfd85Vga6DCB8j3P3ptN8k9LtdDL6X3htz,61FgG6ohpufnrQFd9kk9k2ZNZLrouYY8DEkKCHj3hC4z,SOL-USDC,0.25,AP3vn3Uenkw4v8fwDwkffcpQQAsidqSugz2MKYKfrAPp
DPGvkaRxfpYAXuycor6LWHdUZzw2LJWwCtKam1P5wS4P,3Cw3uMpp4CKqVN2TUvULn2xQtVCM4czXwSJ9YeJLXuUz,SOL-USDC,0.24,AP3vn3Uenkw4v8fwDwkffcpQQAsidqSugz2MKYKfrAPp
aKVR6Qv8vFskF7wyQmAYzsPEF8KtxgGghc6QuPRs2ML,8BWFLouCwNcSY51qB8Uor6ZFroW6YjrmnshLev8xd9zJ,SOL-USDC,0.22,AP3vn3Uenkw4v8fwDwkffcpQQAsidqSugz2MKYKfrAPp
E2cRhfsJNgimP9uExSwJ2ug4UyJbRk9frm9V38rSuSie,5SiwEaScHbStXU7ssHrc4oBAZThvrimaXyoVkKDPbJG6,SOL-USDC,0.22,AP3vn3Uenkw4v8fwDwkffcpQQAsidqSugz2MKYKfrAPp
GigiASmHhZqxnRX7wrgiAatPMcw46aPpcVvXLV2RCnK8,42KshYUrtet4K98xyyvTwufDzVXyusJPfvf83A3JNDWo,SOL-USDC,0.14,AP3vn3Uenkw4v8fwDwkffcpQQAsidqSugz2MKYKfrAPp
9nnGoefL6J3AQbhmcJydHGdybK4Fa8N8JiRuSa8c3rR2,9Zm43JYcA3dwoBWHzgv2XDWg3thtmQUbNnJZxY3L4rSy,SOL-USDC,0.13,AP3vn3Uenkw4v8fwDwkffcpQQAsidqSugz2MKYKfrAPp
9VybvzXo5VhNi8hETiaRwJsdpk8nSD6RbTtQCSgsArdr,nb1oe8cmyGaD8t871NdKEWuuK8KBLK2hn77tTAtDH8n,SOL-USDC,0.07,AP3vn3Uenkw4v8fwDwkffcpQQAsidqSugz2MKYKfrAPp
5pN6Ju3nDtyP7mfxaJkP2f9q1PeAy2kGvbsLbzin7uvf,8PX8t3G51HyLtLphBfAaFkQ2dopBv9rvSFTAzu2ZkREj,whETH-USDC,112.9,5mRu5qUA2HVimHjwXLMwAc3YmoZY2iWwPgpwpsopbY9e
BZc14PFExH2fZnCpr3oa6SmvCUxZeBodRfRP82CbFS4j,8HD3jyyoncDjPgdcZNzgnBpAD56764f1fBQ4knPfFdKn,whETH-USDC,29.7,5mRu5qUA2HVimHjwXLMwAc3YmoZY2iWwPgpwpsopbY9e
